{
  "project_info": {
    "project_number": "931086015665",
    "firebase_url": "https://lab5-78f69.firebaseio.com",
    "project_id": "lab5-78f69",
    "storage_bucket": "lab5-78f69.appspot.com"
  },
  "client": [
    {
      "client_info": {
        "mobilesdk_app_id": "1:931086015665:android:a382bc974445b26d",
        "android_client_info": {
          "package_name": "com.example.cassandragoodby.lab9"
        }
      },
      "oauth_client": [
        {
          "client_id": "931086015665-7rfunfruhrdvab686680fhr19o37g9lg.apps.googleusercontent.com",
          "client_type": 1,
          "android_info": {
            "package_name": "com.example.cassandragoodby.lab9",
            "certificate_hash": "a09544f3577cf57d8fba4f066d86781149cc16e7"
          }
        },
        {
          "client_id": "931086015665-nn2k1rcisshkfttu4a4fisqlc088aul9.apps.googleusercontent.com",
          "client_type": 3
        }
      ],
      "api_key": [
        {
          "current_key": "AIzaSyC8FaI4vip_anTwtZZiRJGrcsEYY4CwgYw"
        }
      ],
      "services": {
        "analytics_service": {
          "status": 1
        },
        "appinvite_service": {
          "status": 2,
          "other_platform_oauth_client": [
            {
              "client_id": "931086015665-nn2k1rcisshkfttu4a4fisqlc088aul9.apps.googleusercontent.com",
              "client_type": 3
            },
            {
              "client_id": "931086015665-o54f1o7fj9oscv7jkta48ljkles2r778.apps.googleusercontent.com",
              "client_type": 2,
              "ios_info": {
                "bundle_id": "ATLAS.lab5"
              }
            }
          ]
        },
        "ads_service": {
          "status": 2
        }
      }
    }
  ],
  "configuration_version": "1"
}